date,iron_ore,crude_oil,usd_inr,bdi,capesize_rate_usd_mt,panamax_rate_usd_mt,supramax_rate_usd_mt,bunker_vlsfo_usd_mt,coking_coal_usd_mt,paradip_waiting_days,orderbook_to_fleet_ratio,fleet_utilization,is_monsoon,is_pre_monsoon_rush,is_cyclone_season
2024-01-01,136.3699951171875,77.04000091552734,83.24859619140625,2936,24.76,19.17,16.68,729.09,359.72,2.8,0.0751,0.96,0,0,0
2024-01-02,136.3699951171875,75.88999938964844,83.20259857177734,2935,26.85,20.15,18.17,731.13,367.31,3.7,0.0725,0.9578,0,0,0
2024-01-03,144.16000366210938,78.25,83.25700378417969,2911,27.1,20.55,18.87,765.15,370.12,3.4,0.073,0.9331,0,0,0
2024-01-04,142.9499969482422,77.58999633789062,83.31809997558594,2934,27.7,22.14,19.66,764.33,360.46,8.2,0.0712,0.96,0,0,0
2024-01-05,141.4499969482422,78.76000213623047,83.2406005859375,2959,26.36,19.32,17.03,768.83,376.53,7.4,0.0745,0.96,0,0,0
2024-01-06,141.4499969482422,78.76000213623047,83.2406005859375,2990,27.44,19.93,17.55,735.78,339.36,3.7,0.0756,0.9458,0,0,0
2024-01-07,141.4499969482422,78.76000213623047,83.2406005859375,2924,26.29,20.37,16.97,770.31,383.53,3.2,0.073,0.9543,0,0,0
2024-01-08,140.8699951171875,76.12000274658203,83.19110107421875,2961,27.36,20.45,18.29,715.9,341.64,3.3,0.0753,0.951,0,0,0
2024-01-09,140.52000427246094,77.58999633789062,83.05069732666016,2975,26.6,20.06,17.71,759.51,354.43,3.9,0.0734,0.9476,0,0,0
2024-01-10,138.16000366210938,76.80000305175781,83.131103515625,3003,27.14,20.24,17.98,738.53,357.69,2.6,0.0686,0.947,0,0,0
2024-01-11,138.85000610351562,77.41000366210938,83.02559661865234,2988,26.64,20.12,17.42,755.85,357.96,3.0,0.0735,0.9499,0,0,0
2024-01-12,137.22000122070312,78.29000091552734,83.07610321044922,3017,28.18,22.22,19.4,737.88,369.83,2.6,0.0733,0.9517,0,0,0
2024-01-13,137.22000122070312,78.29000091552734,83.07610321044922,2996,28.25,21.87,19.08,767.92,349.19,2.6,0.0738,0.9545,0,0,0
2024-01-14,137.22000122070312,78.29000091552734,83.07610321044922,2987,27.35,21.22,19.08,736.29,362.37,2.8,0.0741,0.9531,0,0,0
2024-01-15,137.22000122070312,78.29000091552734,82.87210083007812,3041,27.9,20.5,17.89,745.84,353.98,3.3,0.0722,0.96,0,0,0
2024-01-16,136.75,78.29000091552734,82.8593978881836,3042,26.74,19.75,18.21,741.89,362.44,4.3,0.0765,0.96,0,0,0
2024-01-17,135.7899932861328,77.87999725341797,83.08899688720703,3050,27.71,19.64,17.46,729.81,357.65,3.3,0.0735,0.9387,0,0,0
2024-01-18,136.0800018310547,79.0999984741211,83.17759704589844,3088,28.19,21.02,17.99,760.94,361.23,3.0,0.0732,0.954,0,0,0
2024-01-19,135.8800048828125,78.55999755859375,83.16059875488281,3102,30.41,23.59,20.71,777.52,353.87,2.6,0.0751,0.96,0,0,0
2024-01-20,135.8800048828125,78.55999755859375,83.16059875488281,3111,27.5,21.16,18.36,787.85,354.27,3.5,0.0736,0.96,0,0,0
2024-01-21,135.8800048828125,78.55999755859375,83.16059875488281,3127,29.67,22.44,18.87,757.01,362.24,2.9,0.0787,0.96,0,0,0
2024-01-22,135.4199981689453,80.05999755859375,83.12470245361328,3204,29.81,22.64,20.56,780.24,370.78,3.6,0.0731,0.96,0,0,0
2024-01-23,135.47999572753906,79.55000305175781,83.09510040283203,3205,29.25,21.89,19.54,765.89,354.63,7.0,0.0742,0.96,0,0,0
2024-01-24,135.49000549316406,80.04000091552734,83.22139739990234,3220,30.56,23.33,20.74,772.68,352.67,2.6,0.072,0.96,0,0,0
2024-01-25,135.5399932861328,82.43000030517578,83.09760284423828,3271,29.85,23.07,20.37,780.11,371.1,2.8,0.0752,0.96,0,0,0
2024-01-26,135.5500030517578,83.55000305175781,83.14610290527344,3313,30.17,22.12,18.91,794.76,366.33,3.3,0.0741,0.96,0,0,0
2024-01-27,135.5500030517578,83.55000305175781,83.14610290527344,3348,30.03,22.97,20.02,798.87,374.96,6.7,0.0728,0.96,0,0,0
2024-01-28,135.5500030517578,83.55000305175781,83.14610290527344,3370,31.2,24.18,21.62,785.48,357.6,4.3,0.0717,0.96,0,0,0
2024-01-29,135.5500030517578,82.4000015258789,83.12129974365234,3338,30.9,23.28,20.07,783.06,347.14,5.2,0.0708,0.96,0,0,0
2024-01-30,135.61000061035156,82.87000274658203,83.1530990600586,3388,29.84,23.03,19.25,786.74,360.34,3.0,0.0743,0.96,0,0,0
2024-01-31,135.1300048828125,81.70999908447266,83.10970306396484,3356,29.08,23.51,20.6,788.85,355.98,8.3,0.0707,0.96,0,0,0
2024-02-01,132.6699981689453,78.69999694824219,83.05359649658203,3345,29.81,22.6,19.83,744.08,356.86,2.6,0.076,0.96,0,0,0
2024-02-02,128.6300048828125,77.33000183105469,82.92759704589844,3320,29.17,22.37,19.74,746.21,346.8,2.6,0.0709,0.96,0,0,0
2024-02-03,128.6300048828125,77.33000183105469,82.92759704589844,3324,29.8,22.28,19.9,769.77,360.58,4.8,0.0731,0.96,0,0,0
2024-02-04,128.6300048828125,77.33000183105469,82.92759704589844,3337,30.93,23.6,21.02,760.8,350.29,5.6,0.0716,0.96,0,0,0
2024-02-05,128.94000244140625,77.98999786376953,82.99929809570312,3356,29.73,22.82,20.19,767.86,355.85,2.6,0.0735,0.96,0,0,0
2024-02-06,127.38999938964844,78.58999633789062,83.10369873046875,3376,30.22,23.06,20.77,756.36,355.9,2.6,0.0734,0.96,0,0,0
2024-02-07,127.02999877929688,79.20999908447266,83.07060241699219,3427,30.63,22.77,19.43,764.46,356.98,2.5,0.0743,0.96,0,0,0
2024-02-08,129.07000732421875,81.62999725341797,83.01260375976562,3463,31.58,24.1,21.41,790.37,359.65,2.6,0.0703,0.96,0,0,0
2024-02-09,128.75,82.19000244140625,82.98529815673828,3466,29.16,22.89,20.39,801.18,365.64,2.8,0.0718,0.9518,0,0,0
2024-02-10,128.75,82.19000244140625,82.98529815673828,3495,30.66,23.53,20.21,759.03,352.58,6.7,0.0753,0.96,0,0,0
2024-02-11,128.75,82.19000244140625,82.98529815673828,3530,31.53,24.44,20.91,766.67,374.53,3.8,0.0746,0.96,0,0,0
2024-02-12,128.8699951171875,82.0,83.0145034790039,3502,32.17,24.33,21.11,796.77,357.96,4.3,0.0683,0.9533,0,0,0
2024-02-13,129.02000427246094,82.7699966430664,82.99019622802734,3528,31.01,23.94,20.8,783.38,348.45,4.3,0.0741,0.96,0,0,0
2024-02-14,129.10000610351562,81.5999984741211,83.07460021972656,3541,29.95,22.9,20.45,770.07,361.74,3.4,0.0712,0.96,0,0,0
2024-02-15,129.1699981689453,82.86000061035156,83.04309844970703,3548,32.06,23.89,20.78,772.31,353.28,4.4,0.0721,0.96,0,0,0
2024-02-16,129.2899932861328,83.47000122070312,83.00959777832031,3592,31.34,23.98,20.76,785.17,369.43,3.6,0.0728,0.96,0,0,0
2024-02-17,129.2899932861328,83.47000122070312,83.00959777832031,3593,30.92,23.0,20.0,775.01,384.88,3.0,0.0764,0.96,0,0,0
2024-02-18,129.2899932861328,83.47000122070312,83.00959777832031,3600,31.43,23.57,21.19,816.93,354.91,3.5,0.0712,0.96,0,0,0
2024-02-19,129.2899932861328,83.47000122070312,83.01599884033203,3600,31.8,24.26,21.35,791.57,366.1,3.4,0.0704,0.96,0,0,0
2024-02-20,127.91999816894533,82.33999633789062,83.02100372314453,3596,31.41,24.02,21.07,782.86,342.71,4.6,0.0741,0.96,0,0,0
2024-02-21,127.3000030517578,83.02999877929688,82.8291015625,3578,30.08,22.27,19.55,795.67,365.46,7.3,0.0732,0.96,0,0,0
2024-02-22,127.81999969482422,83.66999816894531,82.93840026855469,3551,32.45,25.19,22.68,804.85,353.34,3.1,0.0756,0.96,0,0,0
2024-02-23,126.8499984741211,81.62000274658203,82.87229919433594,3579,32.84,25.24,21.91,789.63,352.29,4.2,0.0725,0.96,0,0,0
2024-02-24,126.8499984741211,81.62000274658203,82.87229919433594,3561,32.26,24.17,21.8,791.16,347.53,2.6,0.0756,0.96,0,0,0
2024-02-25,126.8499984741211,81.62000274658203,82.87229919433594,3540,30.73,22.59,19.96,770.7,365.86,4.3,0.0732,0.96,0,0,0
2024-02-26,126.11000061035156,82.52999877929688,82.88179779052734,3498,31.29,23.71,20.8,781.37,369.53,3.1,0.0742,0.96,0,0,0
2024-02-27,125.83999633789062,83.6500015258789,82.85199737548828,3494,31.49,23.71,21.87,802.38,361.21,2.5,0.0764,0.96,0,0,0
2024-02-28,125.36000061035156,83.68000030517578,82.94819641113281,3465,31.83,24.25,20.92,787.05,352.09,3.0,0.0728,0.96,0,0,0
2024-02-29,124.86000061035156,83.62000274658203,82.91190338134766,3509,32.14,24.24,21.19,792.87,376.24,3.6,0.0752,0.9589,0,0,0
2024-03-01,113.88999938964844,83.55000305175781,82.910400390625,3537,31.18,22.69,19.47,797.21,346.15,2.7,0.0719,0.96,0,0,0
2024-03-02,113.88999938964844,83.55000305175781,82.910400390625,3523,31.77,23.95,21.46,801.84,332.04,5.6,0.0736,0.9457,0,0,0
2024-03-03,113.88999938964844,83.55000305175781,82.910400390625,3583,32.42,24.49,22.23,771.09,358.24,2.6,0.0702,0.9437,0,0,0
2024-03-04,116.94000244140624,82.80000305175781,82.84609985351562,3605,33.32,25.64,23.23,795.5,343.32,5.7,0.0721,0.96,0,0,0
2024-03-05,116.20999908447266,82.04000091552734,82.9104995727539,3593,32.63,24.45,22.01,778.55,362.67,4.0,0.071,0.96,0,0,0
2024-03-06,116.95999908447266,82.95999908447266,82.88480377197266,3541,32.46,25.51,22.37,796.59,350.8,3.0,0.0755,0.96,0,0,0
2024-03-07,117.95999908447266,82.95999908447266,82.81909942626953,3601,32.24,23.55,20.58,797.42,361.25,3.1,0.0765,0.96,0,0,0
2024-03-08,117.0500030517578,82.08000183105469,82.7522964477539,3562,33.06,25.78,22.02,800.94,367.37,4.1,0.0724,0.96,0,0,0
2024-03-09,117.0500030517578,82.08000183105469,82.7522964477539,3524,32.06,24.25,22.15,797.89,341.26,3.6,0.0715,0.96,0,0,0
2024-03-10,117.0500030517578,82.08000183105469,82.7522964477539,3552,31.21,24.15,21.44,797.81,347.69,3.8,0.0704,0.96,0,0,0
2024-03-11,113.0,82.20999908447266,82.7520980834961,3617,33.4,25.42,22.17,799.92,350.36,3.1,0.0736,0.96,0,0,0
2024-03-12,113.1500015258789,81.91999816894531,82.7782974243164,3651,33.02,25.66,23.11,783.97,366.15,3.3,0.0718,0.96,0,0,0
2024-03-13,111.7699966430664,84.02999877929688,82.83509826660156,3684,32.38,24.42,21.1,796.33,346.52,8.0,0.0719,0.96,0,0,0
2024-03-14,110.94000244140624,85.41999816894531,82.83110046386719,3713,32.58,24.21,21.47,816.6,348.75,2.8,0.0763,0.96,0,0,0
2024-03-15,109.61000061035156,85.33999633789062,82.9655990600586,3735,33.33,26.04,22.85,814.33,358.56,3.1,0.0724,0.96,0,0,0
2024-03-16,109.61000061035156,85.33999633789062,82.9655990600586,3756,33.59,25.47,22.67,801.83,348.0,2.9,0.0742,0.96,0,0,0
2024-03-17,109.61000061035156,85.33999633789062,82.9655990600586,3765,33.43,25.52,22.43,810.4,355.3,4.2,0.0731,0.96,0,0,0
2024-03-18,110.47000122070312,86.88999938964844,82.88890075683594,3782,33.69,26.22,22.49,816.48,341.1,4.2,0.0702,0.96,0,0,0
2024-03-19,110.70999908447266,87.37999725341797,82.86360168457031,3786,34.84,25.96,22.88,810.25,379.64,2.9,0.0693,0.96,0,0,0
2024-03-20,110.29000091552734,85.94999694824219,83.04239654541016,3758,34.14,26.24,23.51,825.5,341.62,2.6,0.0739,0.96,0,0,0
2024-03-21,110.94000244140624,85.77999877929688,83.05460357666016,3751,33.39,25.08,22.06,809.43,352.02,2.5,0.0763,0.96,0,0,0
2024-03-22,110.63999938964844,85.43000030517578,83.22660064697266,3707,33.74,25.58,22.82,830.79,354.2,3.2,0.0735,0.96,0,0,0
2024-03-23,110.63999938964844,85.43000030517578,83.22660064697266,3706,32.16,24.48,21.12,786.7,373.66,3.1,0.0742,0.96,0,0,0
2024-03-24,110.63999938964844,85.43000030517578,83.22660064697266,3682,33.17,24.46,21.51,799.52,341.28,7.8,0.0711,0.96,0,0,0
2024-03-25,110.66999816894533,86.75,83.59359741210938,3666,34.27,25.66,22.33,816.27,376.36,3.3,0.0749,0.96,0,0,0
2024-03-26,110.27999877929688,86.25,83.41739654541016,3668,32.64,25.48,22.72,825.86,363.11,2.9,0.0749,0.96,0,0,0
2024-03-27,109.83999633789062,86.08999633789062,83.34549713134766,3702,32.32,25.01,22.02,815.83,359.21,5.2,0.0715,0.96,0,0,0
2024-03-28,109.52999877929688,87.4800033569336,83.36499786376953,3737,32.73,24.84,22.14,824.95,347.09,3.3,0.0739,0.96,0,0,0
2024-03-29,109.52999877929688,87.4800033569336,83.39299774169922,3698,32.17,24.57,22.06,807.7,362.65,3.6,0.0693,0.96,0,0,0
2024-03-30,109.52999877929688,87.4800033569336,83.39299774169922,3674,32.28,24.39,21.74,807.35,349.7,2.6,0.0743,0.9597,0,0,0
2024-03-31,109.52999877929688,87.4800033569336,83.39299774169922,3698,32.75,25.57,22.61,825.1,369.6,3.1,0.0717,0.96,0,0,0
2024-04-01,102.33000183105467,87.41999816894531,83.36479949951172,3674,31.78,24.05,20.76,804.42,342.82,6.0,0.0704,0.96,0,1,0
2024-04-02,102.91000366210938,88.91999816894531,83.40969848632812,3680,33.01,25.2,22.17,825.4,353.99,3.6,0.0736,0.96,0,1,0
2024-04-03,100.41000366210938,89.3499984741211,83.35030364990234,3698,33.84,26.29,22.92,840.95,348.72,3.0,0.0693,0.96,0,1,0
2024-04-04,99.88999938964844,90.6500015258789,83.37329864501953,3684,32.37,24.21,21.17,832.68,346.03,3.7,0.0735,0.96,0,1,0
2024-04-05,99.97000122070312,91.16999816894533,83.47779846191406,3691,34.37,26.9,23.52,867.54,364.15,5.4,0.0705,0.9589,0,1,0
2024-04-06,99.97000122070312,91.16999816894533,83.47779846191406,3657,33.37,24.6,21.26,862.96,362.09,2.9,0.0701,0.96,0,1,0
2024-04-07,99.97000122070312,91.16999816894533,83.47779846191406,3642,33.7,26.43,22.48,829.42,368.83,3.3,0.0729,0.96,0,1,0
2024-04-08,102.68000030517578,90.37999725341795,83.29679870605469,3643,32.32,24.38,21.19,831.3,339.38,6.3,0.0724,0.96,0,1,0
2024-04-09,104.33000183105467,89.41999816894531,83.26959991455078,3595,33.22,25.13,22.19,808.02,367.37,2.7,0.0756,0.96,0,1,0
2024-04-10,104.0199966430664,90.4800033569336,83.22429656982422,3614,31.81,23.23,19.9,833.83,383.19,4.0,0.0702,0.96,0,1,0
2024-04-11,104.70999908447266,89.73999786376953,83.4126968383789,3607,33.32,25.1,22.09,846.99,352.92,3.6,0.0755,0.96,0,1,0
2024-04-12,106.0500030517578,90.4499969482422,83.34929656982422,3626,32.88,24.47,22.29,838.03,378.26,3.9,0.0704,0.96,0,1,0
2024-04-13,106.0500030517578,90.4499969482422,83.34929656982422,3630,33.2,24.93,22.35,848.53,356.67,3.0,0.0745,0.96,0,1,0
2024-04-14,106.0500030517578,90.4499969482422,83.34929656982422,3664,32.0,24.25,22.0,824.73,345.58,3.0,0.0749,0.96,0,1,0
2024-04-15,106.0500030517578,90.0999984741211,83.61109924316406,3663,32.2,24.95,22.11,850.01,355.72,3.9,0.0733,0.96,0,1,0
2024-04-16,106.06999969482422,90.0199966430664,83.50599670410156,3650,33.31,25.42,22.84,833.19,369.15,2.8,0.0711,0.96,0,1,0
2024-04-17,107.3000030517578,87.29000091552734,83.6675033569336,3630,31.85,24.36,21.15,819.98,346.93,3.2,0.0696,0.96,0,1,0
2024-04-18,107.9499969482422,87.11000061035156,83.5958023071289,3641,33.03,24.56,21.36,817.4,349.43,2.8,0.0687,0.96,0,1,0
2024-04-19,108.25,87.29000091552734,83.54499816894531,3642,31.57,23.55,19.63,804.58,361.82,2.5,0.0763,0.96,0,1,0
2024-04-20,108.25,87.29000091552734,83.54499816894531,3642,33.33,26.23,23.56,806.0,355.92,6.7,0.072,0.96,0,1,0
2024-04-21,108.25,87.29000091552734,83.54499816894531,3622,31.55,23.61,21.39,831.45,361.73,3.2,0.0704,0.96,0,1,0
2024-04-22,108.62000274658205,87.0,83.38529968261719,3602,32.85,25.79,22.47,822.5,358.05,6.7,0.0703,0.96,0,1,0
2024-04-23,108.76000213623048,88.41999816894531,83.38619995117188,3576,32.81,24.81,21.73,840.72,362.68,2.7,0.0729,0.96,0,1,0
2024-04-24,109.2300033569336,88.0199966430664,83.2833023071289,3615,31.94,24.28,21.06,829.08,353.24,3.6,0.0718,0.948,0,1,0
2024-04-25,109.68000030517578,89.01000213623047,83.3405990600586,3590,32.86,25.51,22.6,834.16,361.64,2.8,0.0687,0.96,0,1,0
2024-04-26,110.16000366210938,89.5,83.30180358886719,3574,32.52,25.35,22.76,815.32,351.07,4.4,0.0743,0.96,0,1,0
2024-04-27,110.16000366210938,89.5,83.30180358886719,3554,31.76,24.08,20.49,832.79,373.23,4.3,0.0732,0.96,0,1,0
2024-04-28,110.16000366210938,89.5,83.30180358886719,3574,31.48,23.73,21.05,835.71,354.0,2.6,0.0762,0.96,0,1,0
2024-04-29,110.54000091552734,88.4000015258789,83.40229797363281,3555,30.56,23.2,20.31,851.41,370.21,5.4,0.0748,0.96,0,1,0
2024-04-30,110.91000366210938,87.86000061035156,83.45110321044922,3579,32.51,24.88,21.94,832.26,356.0,2.8,0.0663,0.96,0,1,0
2024-05-01,117.20999908447266,83.44000244140625,83.49839782714844,3525,30.49,23.62,20.97,810.05,357.51,3.6,0.0753,0.96,0,1,0
2024-05-02,118.08000183105467,83.66999816894531,83.40640258789062,3531,31.85,24.21,21.23,800.47,351.4,7.6,0.0749,0.96,0,1,0
2024-05-03,118.02999877929688,82.95999908447266,83.40630340576172,3501,31.35,24.14,21.2,779.56,345.1,5.1,0.071,0.96,0,1,0
2024-05-04,118.02999877929688,82.95999908447266,83.40630340576172,3552,32.37,25.42,22.28,789.5,337.81,6.3,0.0716,0.96,0,1,0
2024-05-05,118.02999877929688,82.95999908447266,83.40630340576172,3519,31.39,24.05,21.55,790.93,344.7,3.0,0.0733,0.96,0,1,0
2024-05-06,119.55999755859376,83.33000183105469,83.37999725341797,3527,31.42,24.04,21.32,779.54,353.49,2.6,0.0704,0.96,0,1,0
2024-05-07,118.69000244140624,83.16000366210938,83.4728012084961,3538,32.3,23.79,21.02,784.95,358.07,2.8,0.072,0.96,0,1,0
2024-05-08,116.58999633789062,83.58000183105469,83.46990203857422,3549,32.05,23.04,19.77,790.17,365.43,3.3,0.0744,0.96,0,1,0
2024-05-09,116.95999908447266,83.87999725341797,83.46430206298828,3543,32.0,24.51,21.42,814.11,351.54,4.4,0.0735,0.96,0,1,0
2024-05-10,116.93000030517578,82.79000091552734,83.45939636230469,3528,31.98,24.26,21.71,761.88,345.52,2.7,0.0711,0.96,0,1,0
2024-05-11,116.93000030517578,82.79000091552734,83.45939636230469,3526,30.35,22.81,20.09,801.32,339.92,3.8,0.0744,0.96,0,1,0
2024-05-12,116.93000030517578,82.79000091552734,83.45939636230469,3518,32.12,24.53,21.85,775.61,359.14,3.0,0.073,0.96,0,1,0
2024-05-13,117.30999755859376,83.36000061035156,83.5248031616211,3543,32.15,24.4,22.18,774.56,369.26,3.0,0.0729,0.96,0,1,0
2024-05-14,116.6500015258789,82.37999725341797,83.50550079345703,3587,31.04,24.15,21.67,798.0,366.22,3.8,0.0713,0.96,0,1,0
2024-05-15,116.3000030517578,82.75,83.52420043945312,3572,31.57,24.04,21.19,795.34,361.0,3.3,0.0723,0.96,0,1,0
2024-05-16,116.8499984741211,83.2699966430664,83.40509796142578,3538,31.55,23.6,20.56,805.42,361.4,4.5,0.0708,0.96,0,1,0
2024-05-17,117.0199966430664,83.9800033569336,83.47010040283203,3538,31.48,24.42,20.47,805.18,373.16,2.7,0.0685,0.96,0,1,0
2024-05-18,117.0199966430664,83.9800033569336,83.47010040283203,3598,32.17,24.34,21.35,820.29,359.5,4.4,0.0718,0.96,0,1,0
2024-05-19,117.0199966430664,83.9800033569336,83.47010040283203,3574,32.9,25.27,22.11,802.28,362.64,2.6,0.0721,0.96,0,1,0
2024-05-20,117.23999786376952,83.70999908447266,83.30039978027344,3609,32.78,24.67,21.87,791.72,352.7,2.8,0.0726,0.96,0,1,0
2024-05-21,117.56999969482422,82.87999725341797,83.31500244140625,3640,30.99,23.23,20.38,791.63,341.24,3.8,0.0747,0.96,0,1,0
2024-05-22,117.63999938964844,81.9000015258789,83.31680297851562,3614,32.33,24.61,21.53,795.25,346.6,4.8,0.071,0.96,0,1,0
2024-05-23,117.52999877929688,81.36000061035156,83.26709747314453,3619,32.88,25.0,21.29,767.02,352.47,2.8,0.0715,0.96,0,1,0
2024-05-24,117.66000366210938,82.12000274658203,83.2863998413086,3662,32.38,24.85,21.49,774.12,354.38,3.0,0.0738,0.96,0,1,0
2024-05-25,117.66000366210938,82.12000274658203,83.2863998413086,3648,32.84,24.82,22.03,778.23,373.04,3.4,0.0708,0.96,0,1,0
2024-05-26,117.66000366210938,82.12000274658203,83.2863998413086,3638,33.51,24.55,22.29,756.68,354.59,2.8,0.0726,0.96,0,1,0
2024-05-27,117.66000366210938,82.12000274658203,83.05220031738281,3619,32.59,24.55,21.56,783.6,365.56,4.5,0.0714,0.96,0,1,0
2024-05-28,117.68000030517578,84.22000122070312,83.14569854736328,3605,31.95,24.68,21.85,774.7,352.59,4.3,0.0717,0.96,0,1,0
2024-05-29,117.73999786376952,83.5999984741211,83.20649719238281,3579,32.4,24.48,21.92,793.42,352.93,2.7,0.0737,0.96,0,1,0
2024-05-30,117.62000274658205,81.86000061035156,83.3656005859375,3530,31.32,23.68,20.51,790.42,340.07,3.2,0.0715,0.96,0,1,0
2024-05-31,117.5199966430664,81.62000274658203,83.3208999633789,3524,31.15,24.17,21.42,772.55,345.52,4.3,0.0738,0.96,0,1,0
2024-06-01,117.5199966430664,81.62000274658203,83.3208999633789,3500,30.7,22.98,19.93,798.4,358.21,6.5,0.0683,0.96,1,0,0
2024-06-02,117.5199966430664,81.62000274658203,83.3208999633789,3501,32.21,23.71,21.21,760.75,353.02,7.2,0.0693,0.96,1,0,0
2024-06-03,110.0999984741211,78.36000061035156,83.45079803466797,3431,29.77,22.54,19.9,768.67,353.03,6.1,0.0675,0.96,1,0,0
2024-06-04,107.69000244140624,77.5199966430664,83.09339904785156,3427,31.57,23.75,21.02,756.32,342.71,7.1,0.0698,0.96,1,0,0
2024-06-05,107.0199966430664,78.41000366210938,83.62940216064453,3450,30.88,22.99,19.92,734.15,338.3,6.2,0.0759,0.96,1,0,0
2024-06-06,108.5,79.87000274658203,83.38079833984375,3407,29.16,22.07,19.7,797.98,366.39,8.1,0.0721,0.96,1,0,0
2024-06-07,108.4800033569336,79.62000274658203,83.47309875488281,3409,30.55,23.46,21.48,762.85,343.58,6.5,0.0707,0.96,1,0,0
2024-06-08,108.4800033569336,79.62000274658203,83.47309875488281,3434,28.69,21.8,18.78,753.08,356.15,6.4,0.0737,0.96,1,0,0
2024-06-09,108.4800033569336,79.62000274658203,83.47309875488281,3399,30.66,23.46,20.51,746.73,340.51,8.2,0.074,0.96,1,0,0
2024-06-10,107.37999725341795,81.62999725341797,83.52760314941406,3451,31.21,24.63,21.77,775.71,353.97,6.1,0.0697,0.96,1,0,0
2024-06-11,106.2699966430664,81.91999816894531,83.52980041503906,3459,30.06,22.67,20.26,778.94,355.92,6.6,0.0771,0.96,1,0,0
2024-06-12,106.41999816894533,82.5999984741211,83.5968017578125,3441,30.53,23.34,20.32,786.69,349.84,6.6,0.0726,0.9393,1,0,0
2024-06-13,107.12000274658205,82.75,83.5343017578125,3435,31.95,24.03,20.01,782.98,324.85,6.4,0.0729,0.96,1,0,0
2024-06-14,107.33000183105467,82.62000274658203,83.52210235595703,3443,29.99,22.37,20.23,793.2,348.51,8.9,0.073,0.96,1,0,0
2024-06-15,107.33000183105467,82.62000274658203,83.52210235595703,3439,29.5,22.13,19.78,780.95,360.63,7.7,0.073,0.96,1,0,0
2024-06-16,107.33000183105467,82.62000274658203,83.52210235595703,3447,31.56,23.75,20.2,762.39,353.6,6.1,0.0708,0.96,1,0,0
2024-06-17,107.0500030517578,84.25,83.55180358886719,3432,31.9,24.42,21.25,795.76,355.06,7.5,0.0762,0.96,1,0,0
2024-06-18,107.11000061035156,85.33000183105469,83.51010131835938,3439,30.39,24.27,21.98,777.06,335.04,6.9,0.0714,0.9442,1,0,0
2024-06-19,107.11000061035156,85.33000183105469,83.37409973144531,3398,30.94,23.16,20.96,809.71,345.06,8.8,0.0739,0.96,1,0,0
2024-06-20,107.1500015258789,85.70999908447266,83.41950225830078,3392,31.16,23.47,21.03,796.5,356.97,6.5,0.071,0.9563,1,0,0
2024-06-21,106.95999908447266,85.23999786376953,83.60160064697266,3360,29.27,22.21,19.47,806.77,356.14,7.0,0.0707,0.96,1,0,0
2024-06-22,106.95999908447266,85.23999786376953,83.60160064697266,3336,29.32,22.48,19.82,820.58,364.18,6.8,0.0758,0.9537,1,0,0
2024-06-23,106.95999908447266,85.23999786376953,83.60160064697266,3361,30.81,23.55,20.67,793.42,350.59,6.8,0.0717,0.9528,1,0,0
2024-06-24,106.5500030517578,86.01000213623047,83.5625,3389,31.33,24.45,21.97,823.19,357.0,6.7,0.0719,0.9579,1,0,0
2024-06-25,106.45999908447266,85.01000213623047,83.46040344238281,3391,30.38,21.88,18.9,797.92,351.55,6.3,0.0725,0.96,1,0,0
2024-06-26,106.55999755859376,85.25,83.41459655761719,3359,29.03,20.87,18.04,825.92,341.94,7.7,0.0771,0.96,1,0,0
2024-06-27,106.51000213623048,86.38999938964844,83.58039855957031,3355,31.32,23.56,21.14,808.86,330.93,6.7,0.0763,0.9552,1,0,0
2024-06-28,106.51000213623048,86.41000366210938,83.45089721679688,3380,29.42,22.91,20.14,803.3,357.83,9.8,0.0745,0.96,1,0,0
2024-06-29,106.51000213623048,86.41000366210938,83.45089721679688,3377,29.54,21.67,19.62,821.63,355.26,6.4,0.0776,0.96,1,0,0
2024-06-30,106.51000213623048,86.41000366210938,83.45089721679688,3429,30.34,21.55,18.7,808.16,347.34,7.4,0.07,0.9388,1,0,0
2024-07-01,108.0,86.5999984741211,83.36750030517578,3435,31.33,24.1,21.19,804.68,338.51,9.4,0.0732,0.96,1,0,0
2024-07-02,110.31999969482422,86.23999786376953,83.44129943847656,3431,30.7,23.45,20.27,806.41,361.85,7.3,0.072,0.96,1,0,0
2024-07-03,113.05999755859376,87.33999633789062,83.4791030883789,3426,30.34,22.51,19.81,819.67,356.19,8.5,0.0683,0.96,1,0,0
2024-07-04,113.05999755859376,87.33999633789062,83.49120330810547,3424,30.34,22.57,19.27,836.31,364.41,8.1,0.0728,0.96,1,0,0
2024-07-05,111.30999755859376,86.54000091552734,83.49340057373047,3408,29.86,22.21,19.35,791.13,375.24,6.5,0.0709,0.96,1,0,0
2024-07-06,111.30999755859376,86.54000091552734,83.49340057373047,3420,30.31,23.09,19.74,814.62,335.18,7.1,0.0749,0.96,1,0,0
2024-07-07,111.30999755859376,86.54000091552734,83.49340057373047,3438,27.92,20.91,18.68,821.84,349.6,6.2,0.071,0.9351,1,0,0
2024-07-08,110.0199966430664,85.75,83.47209930419922,3406,29.47,22.64,20.21,810.87,352.54,6.9,0.0709,0.96,1,0,0
2024-07-09,110.51000213623048,84.66000366210938,83.45760345458984,3358,29.56,21.04,17.82,816.28,367.84,6.3,0.0749,0.96,1,0,0
2024-07-10,108.73999786376952,85.08000183105469,83.49299621582031,3310,28.18,20.99,19.0,802.74,336.5,7.6,0.0717,0.96,1,0,0
2024-07-11,109.58000183105467,85.4000015258789,83.49590301513672,3320,29.45,21.82,20.2,803.77,373.21,6.9,0.0741,0.96,1,0,0
2024-07-12,109.58000183105467,85.02999877929688,83.51850128173828,3283,28.73,21.71,19.12,810.38,354.65,6.6,0.0726,0.9546,1,0,0
2024-07-13,109.58000183105467,85.02999877929688,83.51850128173828,3224,29.94,22.49,19.53,804.46,352.33,6.4,0.0726,0.96,1,0,0
2024-07-14,109.58000183105467,85.02999877929688,83.51850128173828,3228,29.79,23.04,21.4,798.58,351.31,14.0,0.0713,0.96,1,0,0
2024-07-15,109.66999816894533,84.8499984741211,83.52030181884766,3283,28.44,20.68,17.67,808.14,348.71,6.1,0.0727,0.96,1,0,0
2024-07-16,109.38999938964844,83.7300033569336,83.58760070800781,3268,28.54,21.71,19.11,785.91,361.71,6.1,0.0715,0.96,1,0,0
2024-07-17,108.94000244140624,85.08000183105469,83.52960205078125,3294,28.77,22.14,19.56,796.3,342.3,6.3,0.0701,0.96,1,0,0
2024-07-18,108.7300033569336,85.11000061035156,83.57209777832031,3291,28.43,22.54,20.37,797.52,356.36,10.3,0.0715,0.96,1,0,0
2024-07-19,108.4499969482422,82.62999725341797,83.67430114746094,3263,28.67,21.55,19.11,801.91,345.17,10.6,0.0743,0.9537,1,0,0
2024-07-20,108.4499969482422,82.62999725341797,83.67430114746094,3280,27.97,21.42,18.65,747.03,341.39,7.3,0.0728,0.96,1,0,0
2024-07-21,108.4499969482422,82.62999725341797,83.67430114746094,3268,27.58,20.06,17.27,790.43,374.87,8.5,0.0732,0.96,1,0,0
2024-07-22,108.16000366210938,82.4000015258789,83.73030090332031,3267,28.95,20.81,18.18,784.4,352.69,6.3,0.0717,0.96,1,0,0
2024-07-23,107.79000091552734,81.01000213623047,83.67130279541016,3259,28.83,22.33,19.25,753.63,352.32,10.3,0.0678,0.96,1,0,0
2024-07-24,107.47000122070312,81.70999908447266,83.70680236816406,3242,27.59,20.97,18.47,782.65,358.42,6.2,0.0692,0.9429,1,0,0
2024-07-25,107.13999938964844,82.37000274658203,83.74299621582031,3267,29.09,22.7,19.75,789.48,333.63,6.1,0.0711,0.9419,1,0,0
2024-07-26,106.86000061035156,81.12999725341797,83.73760223388672,3247,27.69,20.36,17.32,781.76,363.33,6.1,0.0694,0.96,1,0,0
2024-07-27,106.86000061035156,81.12999725341797,83.73760223388672,3223,28.24,21.72,19.62,742.86,320.72,7.0,0.0706,0.96,1,0,0
2024-07-28,106.86000061035156,81.12999725341797,83.73760223388672,3231,28.71,22.75,19.82,791.08,338.12,7.8,0.0705,0.96,1,0,0
2024-07-29,106.58999633789062,79.77999877929688,83.72779846191406,3193,27.74,21.29,18.23,755.93,339.03,6.5,0.0705,0.96,1,0,0
2024-07-30,106.25,78.62999725341797,83.75050354003906,3179,27.98,21.4,18.76,764.6,347.51,10.6,0.0745,0.9451,1,0,0
2024-07-31,105.94000244140624,80.72000122070312,83.73899841308594,3190,27.33,20.78,18.31,780.57,346.83,6.7,0.0715,0.96,1,0,0
2024-08-01,102.83000183105467,79.5199966430664,83.7177963256836,3203,27.59,20.18,17.06,752.36,339.31,6.2,0.0734,0.96,1,0,0
2024-08-02,104.0,76.80999755859375,83.743896484375,3188,27.36,21.47,19.03,750.94,337.5,6.8,0.0719,0.9466,1,0,0
2024-08-03,104.0,76.80999755859375,83.743896484375,3182,26.88,20.12,17.29,738.39,327.83,7.4,0.0744,0.9381,1,0,0
2024-08-04,104.0,76.80999755859375,83.743896484375,3198,27.4,21.08,19.23,718.16,322.64,8.1,0.0736,0.96,1,0,0
2024-08-05,104.18000030517578,76.30000305175781,83.73529815673828,3224,26.4,19.28,17.18,753.29,344.22,6.7,0.0703,0.96,1,0,0
2024-08-06,102.86000061035156,76.4800033569336,84.00260162353516,3234,27.29,20.15,17.57,731.3,343.37,7.1,0.0754,0.96,1,0,0
2024-08-07,101.70999908447266,78.33000183105469,83.93489837646484,3244,27.56,21.66,18.76,743.9,354.37,6.4,0.0706,0.96,1,0,0
2024-08-08,100.75,79.16000366210938,83.94239807128906,3214,27.43,20.67,18.15,755.41,331.29,7.2,0.0719,0.96,1,0,0
2024-08-09,101.26000213623048,79.66000366210938,83.98899841308594,3186,27.29,21.47,19.14,767.17,347.17,11.1,0.0722,0.96,1,0,0
2024-08-10,101.26000213623048,79.66000366210938,83.98899841308594,3174,27.35,20.75,18.25,763.22,337.41,6.1,0.0724,0.96,1,0,0
2024-08-11,101.26000213623048,79.66000366210938,83.98899841308594,3154,27.65,20.09,17.59,770.48,352.15,8.6,0.0731,0.96,1,0,0
2024-08-12,100.66999816894533,82.30000305175781,83.94979858398438,3166,28.12,21.82,19.22,767.19,354.07,7.0,0.0699,0.96,1,0,0
2024-08-13,100.44000244140624,80.69000244140625,83.88999938964844,3151,26.73,20.02,17.38,762.55,343.41,6.3,0.0729,0.9401,1,0,0
2024-08-14,99.1999969482422,79.76000213623047,83.88200378417969,3152,26.24,20.29,17.72,763.25,335.76,9.7,0.0726,0.96,1,0,0
2024-08-15,98.5500030517578,81.04000091552734,83.97149658203125,3156,26.42,20.09,16.84,796.8,350.3,6.8,0.0714,0.9404,1,0,0
2024-08-16,97.80999755859376,79.68000030517578,83.94830322265625,3153,26.77,19.57,17.61,762.69,344.68,6.5,0.071,0.96,1,0,0
2024-08-17,97.80999755859376,79.68000030517578,83.94830322265625,3151,26.85,20.49,18.15,777.08,331.36,6.2,0.0698,0.96,1,0,0
2024-08-18,97.80999755859376,79.68000030517578,83.94830322265625,3098,26.2,21.01,18.18,764.52,324.93,6.3,0.0723,0.96,1,0,0
2024-08-19,98.0999984741211,77.66000366210938,83.88980102539062,3054,25.44,19.58,17.99,743.44,332.46,8.1,0.0701,0.96,1,0,0
2024-08-20,97.98999786376952,77.19999694824219,83.87860107421875,3043,26.02,19.75,17.41,742.92,349.75,7.1,0.0718,0.9508,1,0,0
2024-08-21,98.37999725341795,76.05000305175781,83.77940368652344,3000,26.22,20.46,17.59,735.43,344.57,8.9,0.0712,0.9535,1,0,0
2024-08-22,98.19000244140624,77.22000122070312,83.88860321044922,3020,26.7,20.4,18.29,753.27,323.62,6.3,0.0687,0.9435,1,0,0
2024-08-23,98.0500030517578,79.0199966430664,83.94059753417969,3069,26.1,19.94,17.71,775.71,325.68,6.2,0.0695,0.96,1,0,0
2024-08-24,98.0500030517578,79.0199966430664,83.94059753417969,3096,26.35,19.48,17.3,763.53,350.11,6.0,0.0721,0.96,1,0,0
2024-08-25,98.0500030517578,79.0199966430664,83.94059753417969,3087,25.87,19.78,17.24,773.46,326.0,6.9,0.0703,0.96,1,0,0
2024-08-26,98.3000030517578,81.43000030517578,83.81379699707031,3141,26.97,21.01,18.67,765.3,346.22,13.7,0.0702,0.96,1,0,0
2024-08-27,98.4499969482422,79.55000305175781,83.88369750976562,3126,26.14,19.45,17.01,758.13,332.23,7.4,0.0698,0.96,1,0,0
2024-08-28,98.51000213623048,78.6500015258789,83.92160034179688,3107,27.12,21.32,18.98,747.81,353.25,6.4,0.0698,0.96,1,0,0
2024-08-29,98.62999725341795,79.94000244140625,83.94149780273438,3099,25.23,19.13,16.07,769.73,331.38,8.5,0.0746,0.96,1,0,0
2024-08-30,98.6999969482422,78.80000305175781,83.89510345458984,3079,26.2,19.47,16.96,753.3,348.85,7.8,0.069,0.96,1,0,0
2024-08-31,98.6999969482422,78.80000305175781,83.89510345458984,3067,26.65,20.75,18.95,766.36,339.27,6.0,0.0742,0.9543,1,0,0
2024-09-01,98.6999969482422,78.80000305175781,83.89510345458984,3068,26.55,20.03,17.32,746.43,339.94,8.0,0.0706,0.96,1,0,0
2024-09-02,98.6999969482422,78.80000305175781,83.86380004882812,3069,28.55,22.08,19.19,758.12,317.72,6.4,0.0699,0.96,1,0,0
2024-09-03,100.5500030517578,73.75,83.92729949951172,3026,26.22,19.78,17.23,728.83,308.93,6.2,0.072,0.9499,1,0,0
2024-09-04,92.93000030517578,72.69999694824219,83.95030212402344,3026,25.08,19.03,16.26,688.11,322.6,6.3,0.0713,0.96,1,0,0
2024-09-05,91.3000030517578,72.69000244140625,83.98249816894531,3053,25.95,19.97,16.69,738.28,326.28,6.8,0.0708,0.96,1,0,0
2024-09-06,91.61000061035156,71.05999755859375,83.98359680175781,3062,24.58,18.83,16.48,697.47,310.3,6.7,0.0716,0.9452,1,0,0
2024-09-07,91.61000061035156,71.05999755859375,83.98359680175781,3022,25.7,18.53,16.36,676.57,310.67,6.4,0.0713,0.96,1,0,0
2024-09-08,91.61000061035156,71.05999755859375,83.98359680175781,2956,24.72,18.23,16.02,702.77,327.17,6.2,0.0707,0.9575,1,0,0
2024-09-09,91.76000213623048,71.83999633789062,83.98259735107422,2983,26.29,20.45,17.94,706.99,328.44,7.7,0.073,0.9594,1,0,0
2024-09-10,91.27999877929688,69.19000244140625,83.98090362548828,2926,24.69,18.7,16.47,686.18,317.18,11.5,0.0683,0.9432,1,0,0
2024-09-11,92.3000030517578,70.61000061035156,83.98200225830078,2930,25.1,18.81,16.96,709.47,329.1,7.8,0.0693,0.9303,1,0,0
2024-09-12,93.05999755859376,71.97000122070312,83.99259948730469,2910,24.62,18.03,15.79,716.51,312.05,6.4,0.0696,0.9457,1,0,0
2024-09-13,92.26000213623048,71.61000061035156,83.93479919433594,2860,26.22,19.39,16.83,708.48,319.21,6.3,0.069,0.9419,1,0,0
2024-09-14,92.26000213623048,71.61000061035156,83.93479919433594,2872,24.63,17.71,15.47,710.3,339.25,6.3,0.0713,0.96,1,0,0
2024-09-15,92.26000213623048,71.61000061035156,83.93479919433594,2889,26.44,20.04,17.87,703.65,323.45,6.2,0.0721,0.96,1,0,0
2024-09-16,91.94000244140624,72.75,83.88480377197266,2883,25.63,19.18,17.44,734.56,325.55,7.0,0.0672,0.96,1,0,0
2024-09-17,91.9800033569336,73.69999694824219,83.88400268554688,2824,25.07,18.57,16.09,702.47,348.8,7.1,0.0701,0.9332,1,0,0
2024-09-18,91.56999969482422,73.6500015258789,83.77059936523438,2809,24.89,18.88,16.65,721.53,311.42,7.5,0.0704,0.9368,1,0,0
2024-09-19,92.02999877929688,74.87999725341797,83.69170379638672,2827,25.05,19.22,17.05,729.65,335.5,7.4,0.0705,0.945,1,0,0
2024-09-20,91.93000030517578,74.48999786376953,83.61470031738281,2786,22.95,18.49,15.87,735.77,343.53,6.4,0.0685,0.9532,1,0,0
2024-09-21,91.93000030517578,74.48999786376953,83.61470031738281,2790,24.28,17.7,15.58,715.89,323.64,6.5,0.0704,0.948,1,0,0
2024-09-22,91.93000030517578,74.48999786376953,83.61470031738281,2788,25.17,19.71,16.76,705.09,335.49,7.4,0.0692,0.9576,1,0,0
2024-09-23,91.5999984741211,73.9000015258789,83.48709869384766,2798,24.48,19.09,16.09,723.57,315.99,6.5,0.0703,0.96,1,0,0
2024-09-24,91.87999725341795,75.16999816894531,83.55960083007812,2810,23.51,17.48,15.53,734.37,321.02,6.3,0.0676,0.9387,1,0,0
2024-09-25,92.25,73.45999908447266,83.56759643554688,2771,24.3,18.57,16.19,736.34,329.39,6.6,0.0703,0.9379,1,0,0
2024-09-26,92.54000091552734,71.5999984741211,83.62409973144531,2786,25.71,19.31,17.07,689.58,330.91,6.4,0.0695,0.9549,1,0,0
2024-09-27,92.9800033569336,71.9800033569336,83.61710357666016,2785,25.35,19.36,17.03,721.47,334.97,6.1,0.0705,0.9516,1,0,0
2024-09-28,92.9800033569336,71.9800033569336,83.61710357666016,2784,24.3,19.22,16.52,736.02,339.45,8.1,0.0716,0.96,1,0,0
2024-09-29,92.9800033569336,71.9800033569336,83.61710357666016,2760,24.98,19.29,16.96,703.08,323.08,8.3,0.0709,0.9521,1,0,0
2024-09-30,93.83000183105467,71.7699966430664,83.71640014648438,2748,23.84,18.37,15.67,690.58,335.89,6.3,0.0725,0.96,1,0,0
2024-10-01,108.73999786376952,73.55999755859375,83.82730102539062,2740,22.8,17.11,15.61,714.31,332.16,5.1,0.0702,0.9275,0,0,1
2024-10-02,109.29000091552734,73.9000015258789,83.87210083007812,2739,23.43,17.06,14.47,721.86,345.44,6.6,0.0722,0.96,0,0,1
2024-10-03,108.30999755859376,77.62000274658203,83.91960144042969,2811,25.97,19.63,17.2,755.72,343.49,5.3,0.0732,0.9567,0,0,1
2024-10-04,108.83999633789062,78.05000305175781,84.0093994140625,2781,24.35,19.11,16.4,745.01,346.84,5.6,0.0715,0.9317,0,0,1
2024-10-05,108.83999633789062,78.05000305175781,84.0093994140625,2741,24.16,17.6,15.72,770.77,346.61,5.1,0.0709,0.9203,0,0,1
2024-10-06,108.83999633789062,78.05000305175781,84.0093994140625,2778,24.32,17.96,15.67,738.73,326.33,5.3,0.0717,0.9357,0,0,1
2024-10-07,112.38999938964844,80.93000030517578,84.02780151367188,2797,26.31,20.06,17.45,752.35,337.59,6.9,0.0715,0.96,0,0,1
2024-10-08,106.3000030517578,77.18000030517578,83.96410369873047,2751,25.68,19.02,17.08,759.01,340.58,7.0,0.0729,0.96,0,0,1
2024-10-09,106.52999877929688,76.58000183105469,83.91459655761719,2773,26.26,19.56,17.22,714.04,321.92,5.3,0.0724,0.9505,0,0,1
2024-10-10,105.80999755859376,79.4000015258789,83.94219970703125,2782,24.52,18.42,16.42,759.55,350.9,5.5,0.0725,0.9473,0,0,1
2024-10-11,106.44000244140624,79.04000091552734,83.94599914550781,2825,25.11,18.4,15.8,796.78,351.14,5.2,0.0709,0.9413,0,0,1
2024-10-12,106.44000244140624,79.04000091552734,83.94599914550781,2844,23.77,17.58,14.91,759.22,345.7,5.1,0.0715,0.952,0,0,1
2024-10-13,106.44000244140624,79.04000091552734,83.94599914550781,2833,26.11,20.2,17.82,745.91,331.21,10.8,0.0715,0.9473,0,0,1
2024-10-14,107.11000061035156,77.45999908447266,84.16829681396484,2875,24.17,17.72,15.47,747.09,354.26,6.3,0.0684,0.96,0,0,1
2024-10-15,106.62999725341795,74.25,84.04850006103516,2836,24.94,18.16,16.23,723.64,355.73,5.9,0.0729,0.936,0,0,1
2024-10-16,106.1999969482422,74.22000122070312,84.05619812011719,2856,24.0,17.92,15.74,725.96,336.52,6.7,0.0674,0.96,0,0,1
2024-10-17,105.36000061035156,74.44999694824219,84.03929901123047,2867,24.49,18.98,16.78,733.67,340.0,7.2,0.0722,0.96,0,0,1
2024-10-18,105.37000274658205,73.05999755859375,84.05380249023438,2890,24.37,18.42,15.56,703.06,334.83,7.0,0.0713,0.96,0,0,1
2024-10-19,105.37000274658205,73.05999755859375,84.05380249023438,2931,24.79,18.61,17.13,735.78,338.12,5.0,0.0702,0.9408,0,0,1
2024-10-20,105.37000274658205,73.05999755859375,84.05380249023438,2934,24.86,18.92,16.58,718.47,331.62,5.2,0.0715,0.9347,0,0,1
2024-10-21,105.2300033569336,74.29000091552734,84.0687026977539,2927,24.88,18.04,16.15,733.27,334.23,6.3,0.0716,0.96,0,0,1
2024-10-22,104.94000244140624,76.04000091552734,84.07350158691406,2955,26.22,20.17,17.42,729.84,346.08,5.6,0.0681,0.96,0,0,1
2024-10-23,104.62000274658205,74.95999908447266,84.08399963378906,2932,24.5,18.81,16.68,744.89,358.67,9.9,0.0735,0.96,0,0,1
2024-10-24,104.4000015258789,74.37999725341797,84.06759643554688,2980,25.82,19.42,16.57,722.12,320.21,6.3,0.0708,0.96,0,0,1
2024-10-25,104.2300033569336,76.05000305175781,84.08180236816406,2999,26.8,20.87,18.55,740.78,335.57,8.8,0.0753,0.9527,0,0,1
2024-10-26,104.2300033569336,76.05000305175781,84.08180236816406,2993,25.39,18.73,16.34,726.25,324.81,5.3,0.0723,0.9515,0,0,1
2024-10-27,104.2300033569336,76.05000305175781,84.08180236816406,3000,25.27,19.77,17.41,725.48,352.53,7.4,0.0708,0.9404,0,0,1
2024-10-28,104.1500015258789,71.41999816894531,84.10199737548828,2932,25.11,19.16,17.14,711.77,323.74,5.5,0.0693,0.9597,0,0,1
2024-10-29,104.08999633789062,71.12000274658203,84.10279846191406,2908,26.11,19.68,16.83,695.99,314.7,10.5,0.0704,0.9359,0,0,1
2024-10-30,104.08000183105467,72.55000305175781,84.08930206298828,2953,25.64,19.48,16.87,701.55,337.65,5.2,0.0709,0.96,0,0,1
2024-10-31,104.08000183105467,73.16000366210938,84.08910369873047,2944,25.04,18.98,16.89,708.54,349.63,5.9,0.0736,0.96,0,0,1
2024-11-01,102.48999786376952,73.0999984741211,84.09149932861328,2921,25.74,20.17,18.59,724.21,337.78,6.9,0.0731,0.96,0,0,1
2024-11-02,102.48999786376952,73.0999984741211,84.09149932861328,2937,24.57,18.13,15.9,708.27,333.19,5.7,0.0715,0.9381,0,0,1
2024-11-03,102.48999786376952,73.0999984741211,84.09149932861328,2970,26.19,19.52,17.41,714.41,335.24,5.8,0.0741,0.9568,0,0,1
2024-11-04,103.91000366210938,75.08000183105469,84.13359832763672,3008,26.28,20.49,17.99,730.52,349.11,10.2,0.0666,0.9544,0,0,1
2024-11-05,105.08999633789062,75.52999877929688,84.15249633789062,3040,25.92,19.4,17.85,710.63,327.61,5.7,0.0715,0.96,0,0,1
2024-11-06,104.01000213623048,74.91999816894531,84.11630249023438,3019,25.37,19.73,16.66,711.51,333.67,6.1,0.0731,0.96,0,0,1
2024-11-07,105.22000122070312,75.62999725341797,84.2511978149414,2993,25.23,20.02,17.66,738.4,332.05,5.1,0.0716,0.9521,0,0,1
2024-11-08,103.81999969482422,73.87000274658203,84.306396484375,3020,26.46,19.91,16.87,712.62,321.42,7.2,0.0679,0.9535,0,0,1
2024-11-09,103.81999969482422,73.87000274658203,84.306396484375,3016,27.01,20.87,17.36,734.15,329.81,6.3,0.0733,0.96,0,0,1
2024-11-10,103.81999969482422,73.87000274658203,84.306396484375,3014,25.52,18.82,16.68,733.07,344.17,5.6,0.072,0.9435,0,0,1
2024-11-11,103.0999984741211,71.83000183105469,84.38289642333984,3035,26.45,20.48,18.08,715.14,335.27,5.0,0.0712,0.95,0,0,1
2024-11-12,102.95999908447266,71.88999938964844,84.39649963378906,3053,24.53,18.74,16.38,728.79,336.05,6.1,0.0707,0.96,0,0,1
2024-11-13,102.87999725341795,72.27999877929688,84.39530181884766,3072,25.87,19.9,17.47,708.82,331.61,5.0,0.0745,0.96,0,0,1
2024-11-14,102.22000122070312,72.55999755859375,84.4229965209961,3133,26.68,19.95,18.8,719.65,335.41,5.0,0.0714,0.9499,0,0,1
2024-11-15,101.62999725341795,71.04000091552734,84.47380065917969,3109,25.8,18.78,16.42,693.71,319.53,6.1,0.07,0.96,0,0,1
2024-11-16,101.62999725341795,71.04000091552734,84.47380065917969,3136,25.95,19.97,17.78,730.15,324.44,5.3,0.0688,0.9443,0,0,1
2024-11-17,101.62999725341795,71.04000091552734,84.47380065917969,3142,26.21,18.89,16.36,724.53,329.46,5.3,0.072,0.96,0,0,1
2024-11-18,101.76000213623048,73.30000305175781,84.47750091552734,3171,27.25,20.55,18.2,717.43,333.78,6.3,0.0724,0.96,0,0,1
2024-11-19,101.88999938964844,73.30999755859375,84.39849853515625,3214,27.13,21.09,18.46,722.0,334.3,5.1,0.0705,0.9457,0,0,1
2024-11-20,101.9499969482422,72.80999755859375,84.39759826660156,3228,25.56,19.52,17.01,730.01,329.0,5.5,0.0693,0.9431,0,0,1
2024-11-21,102.0199966430664,74.2300033569336,84.38310241699219,3257,25.89,20.65,18.9,722.34,328.78,5.2,0.0731,0.96,0,0,1
2024-11-22,101.9499969482422,75.16999816894531,84.48829650878906,3296,27.38,21.32,19.23,723.12,365.5,6.0,0.0686,0.96,0,0,1
2024-11-23,101.9499969482422,75.16999816894531,84.48829650878906,3292,28.23,21.13,18.65,741.48,342.99,6.3,0.0743,0.9546,0,0,1
2024-11-24,101.9499969482422,75.16999816894531,84.48829650878906,3276,25.6,19.47,16.21,731.94,338.06,6.5,0.0689,0.96,0,0,1
2024-11-25,102.01000213623048,73.01000213623047,84.43599700927734,3238,27.12,20.59,17.97,717.36,328.39,5.4,0.0678,0.95,0,0,1
2024-11-26,102.05999755859376,72.80999755859375,84.37750244140625,3192,26.85,19.61,18.34,703.69,325.94,5.1,0.0681,0.9555,0,0,1
2024-11-27,102.16999816894533,72.83000183105469,84.33910369873047,3249,28.72,21.36,18.7,693.23,329.24,5.1,0.0681,0.9592,0,0,1
2024-11-28,102.16999816894533,72.83000183105469,84.42030334472656,3226,27.2,20.39,18.38,716.68,333.48,5.7,0.0699,0.9255,0,0,1
2024-11-29,102.44000244140624,72.94000244140625,84.47160339355469,3227,27.85,20.15,18.31,725.51,312.07,8.5,0.0694,0.96,0,0,1
2024-11-30,102.44000244140624,72.94000244140625,84.47160339355469,3225,27.66,21.05,18.61,711.94,315.18,5.3,0.0724,0.9538,0,0,1
2024-12-01,102.44000244140624,72.94000244140625,84.47160339355469,3238,25.94,19.59,16.9,731.89,324.51,5.4,0.0721,0.96,0,0,1
2024-12-02,105.31999969482422,71.83000183105469,84.55699920654297,3255,28.33,20.69,17.23,698.07,333.01,5.1,0.0699,0.96,0,0,1
2024-12-03,106.08000183105467,73.62000274658203,84.73709869384766,3297,28.22,21.65,19.33,706.98,331.69,6.1,0.0765,0.96,0,0,1
2024-12-04,106.29000091552734,72.30999755859375,84.68309783935547,3277,28.31,21.87,18.92,709.23,347.02,6.4,0.0698,0.96,0,0,1
2024-12-05,106.29000091552734,72.08999633789062,84.70700073242188,3277,31.06,23.72,20.94,707.43,317.09,6.2,0.0701,0.96,0,0,1
2024-12-06,104.11000061035156,71.12000274658203,84.68379974365234,3282,26.26,19.8,16.92,710.55,321.63,7.4,0.0677,0.9589,0,0,1
2024-12-07,104.11000061035156,71.12000274658203,84.68379974365234,3281,29.33,22.59,19.77,692.01,344.35,5.8,0.0701,0.96,0,0,1
2024-12-08,104.11000061035156,71.12000274658203,84.68379974365234,3327,28.0,21.62,19.04,717.73,330.46,5.2,0.0708,0.96,0,0,1
2024-12-09,106.33999633789062,72.13999938964844,84.66600036621094,3353,28.67,21.94,19.41,732.39,340.86,5.4,0.0679,0.96,0,0,1
2024-12-10,105.62999725341795,72.19000244140625,84.84729766845703,3378,28.56,21.29,18.29,708.68,352.18,6.3,0.0692,0.96,0,0,1
2024-12-11,105.5199966430664,73.5199966430664,84.8740005493164,3411,28.52,21.81,19.67,733.9,326.65,6.1,0.0709,0.96,0,0,1
2024-12-12,105.48999786376952,73.41000366210938,84.85710144042969,3445,28.61,22.34,19.42,705.42,332.42,5.9,0.0691,0.96,0,0,1
2024-12-13,105.30999755859376,74.48999786376953,84.83920288085938,3464,29.51,22.13,18.8,738.91,332.2,6.4,0.0687,0.96,0,0,1
2024-12-14,105.30999755859376,74.48999786376953,84.83920288085938,3438,27.91,22.26,19.55,738.58,315.38,6.2,0.0717,0.96,0,0,1
2024-12-15,105.30999755859376,74.48999786376953,84.83920288085938,3454,29.84,22.42,19.74,736.37,331.82,7.6,0.0676,0.944,0,0,1
2024-12-16,105.41000366210938,73.91000366210938,84.802001953125,3439,28.82,21.92,19.35,721.57,342.92,6.1,0.068,0.96,0,0,1
2024-12-17,105.58000183105467,73.19000244140625,84.91729736328125,3426,28.17,21.07,19.09,681.03,338.54,6.8,0.0705,0.96,0,0,1
2024-12-18,104.7300033569336,73.38999938964844,84.91539764404297,3448,28.87,22.05,19.31,710.25,339.11,5.3,0.0718,0.96,0,0,1
2024-12-19,104.08000183105467,72.87999725341797,85.16549682617188,3481,30.43,22.26,19.54,706.7,328.01,6.4,0.0707,0.96,0,0,1
2024-12-20,103.83999633789062,72.94000244140625,85.27940368652344,3488,29.06,21.81,18.75,702.91,325.15,7.8,0.0697,0.943,0,0,1
2024-12-21,103.83999633789062,72.94000244140625,85.27940368652344,3502,29.88,22.16,19.83,716.12,344.41,5.6,0.0695,0.96,0,0,1
2024-12-22,103.83999633789062,72.94000244140625,85.27940368652344,3551,29.3,22.34,19.73,709.62,326.74,6.8,0.0721,0.96,0,0,1
2024-12-23,103.83999633789062,72.62999725341797,84.94499969482422,3560,30.56,23.72,20.71,702.48,334.19,6.5,0.0718,0.96,0,0,1
2024-12-24,104.08000183105467,73.58000183105469,85.0988998413086,3639,31.0,23.88,20.25,706.64,334.45,5.1,0.0702,0.96,0,0,1
2024-12-25,104.08000183105467,73.58000183105469,85.18150329589844,3659,32.07,23.19,20.98,710.76,347.44,6.0,0.0695,0.96,0,0,1
2024-12-26,104.08000183105467,73.26000213623047,85.41339874267578,3619,30.24,24.0,20.63,730.45,342.05,5.2,0.0701,0.9535,0,0,1
2024-12-27,103.9000015258789,74.16999816894531,85.26090240478516,3651,31.16,23.83,20.73,715.73,320.64,9.1,0.0686,0.96,0,0,1
2024-12-28,103.9000015258789,74.16999816894531,85.26090240478516,3667,30.81,23.03,20.41,717.49,321.72,7.0,0.0697,0.96,0,0,1
2024-12-29,103.9000015258789,74.16999816894531,85.26090240478516,3706,32.02,24.41,21.0,718.19,339.38,5.1,0.069,0.96,0,0,1
2024-12-30,103.77999877929688,74.38999938964844,85.38600158691406,3730,30.57,23.32,19.92,729.35,333.21,5.2,0.0698,0.96,0,0,1
2024-12-31,103.77999877929688,74.38999938964844,85.38600158691406,3733,31.78,23.82,20.11,730.75,329.3,6.1,0.0691,0.96,0,0,1
